"table-cell href","table-cell-value","subdomain","table-cell-value 2","table-cell-desc 2"
"https://fragment.com/username/news","@news","news","994,000","18 Nov 2022 at 14:46"
"https://fragment.com/username/auto","@auto","auto","900,000","2 Nov 2022 at 21:43"
"https://fragment.com/username/bank","@bank","bank","850,000","3 Nov 2022 at 01:08"
"https://fragment.com/username/avia","@avia","avia","800,000","3 Nov 2022 at 08:39"
"https://fragment.com/username/chat","@chat","chat","700,000","3 Nov 2022 at 10:37"
"https://fragment.com/username/king","@king","king","675,000","18 Nov 2022 at 02:14"
"https://fragment.com/username/fifa","@fifa","fifa","600,000","2 Nov 2022 at 22:51"
"https://fragment.com/username/devil","@devil","devil","555,555","28 Oct 2025 at 05:21"
"https://fragment.com/username/game","@game","game","500,000","4 Nov 2022 at 13:20"
"https://fragment.com/username/sber","@sber","sber","471,000","5 Dec 2022 at 20:54"
"https://fragment.com/username/meta","@meta","meta","404,000","18 Nov 2022 at 12:49"
"https://fragment.com/username/casino","@casino","casino","400,000","2 Nov 2022 at 22:50"
"https://fragment.com/username/doge","@doge","doge","350,000","9 Nov 2022 at 15:51"
"https://fragment.com/username/hotels","@hotels","hotels","350,000","4 Nov 2022 at 01:06"
"https://fragment.com/username/pizza","@pizza","pizza","346,000","19 Nov 2022 at 00:53"
"https://fragment.com/username/nike","@nike","nike","330,000","18 Nov 2022 at 01:35"
"https://fragment.com/username/gram","@gram","gram","313,000","20 Nov 2022 at 00:54"
"https://fragment.com/username/play","@play","play","302,000","30 Nov 2022 at 18:08"
"https://fragment.com/username/alfa","@alfa","alfa","300,000","10 Nov 2022 at 13:32"
"https://fragment.com/username/coin","@coin","coin","300,000","11 Dec 2022 at 02:49"
"https://fragment.com/username/cash","@cash","cash","284,000","6 Nov 2022 at 02:03"
"https://fragment.com/username/rich","@rich","rich","266,000","12 Dec 2022 at 04:42"
"https://fragment.com/username/checkout","@checkout","checkout","265,000","25 Nov 2022 at 21:38"
"https://fragment.com/username/amazon","@amazon","amazon","262,500","2 Nov 2022 at 23:00"
"https://fragment.com/username/ecom","@ecom","ecom","258,000","13 Dec 2022 at 07:01"
"https://fragment.com/username/adidas","@adidas","adidas","250,000","2 Nov 2022 at 23:11"
"https://fragment.com/username/cryptoholder","@cryptoholder","cryptoholder","250,000","4 Mar 2025 at 03:32"
"https://fragment.com/username/defi","@defi","defi","250,000","19 Nov 2022 at 03:53"
"https://fragment.com/username/trade","@trade","trade","245,000","2 Mar 2024 at 14:36"
"https://fragment.com/username/chief","@chief","chief","242,000","10 Dec 2022 at 03:55"
"https://fragment.com/username/trip","@trip","trip","237,000","14 Dec 2022 at 14:51"
"https://fragment.com/username/web3","@web3","web3","224,000","17 Dec 2022 at 02:53"
"https://fragment.com/username/payment","@payment","payment","207,000","6 Dec 2022 at 04:55"
"https://fragment.com/username/fund","@fund","fund","206,000","6 Nov 2022 at 19:56"
"https://fragment.com/username/interior","@interior","interior","203,000","24 Nov 2022 at 00:59"
"https://fragment.com/username/love","@love","love","200,000","19 Nov 2022 at 23:16"
"https://fragment.com/username/meet","@meet","meet","200,000","12 Dec 2022 at 04:38"
"https://fragment.com/username/secret","@secret","secret","200,000","7 Dec 2022 at 23:41"
"https://fragment.com/username/connect","@connect","connect","199,000","26 Nov 2022 at 13:52"
"https://fragment.com/username/adviser","@adviser","adviser","189,000","20 Dec 2022 at 12:44"
"https://fragment.com/username/promo","@promo","promo","187,000","24 Nov 2022 at 13:54"
"https://fragment.com/username/tiger","@tiger","tiger","185,000","17 Dec 2022 at 23:00"
"https://fragment.com/username/baseball","@baseball","baseball","179,000","26 Nov 2022 at 00:05"
"https://fragment.com/username/mancity","@mancity","mancity","175,000","24 Nov 2022 at 03:41"
"https://fragment.com/username/usdt","@usdt","usdt","174,000","5 Dec 2022 at 20:56"
"https://fragment.com/username/chef","@chef","chef","171,000","24 Nov 2022 at 14:16"
"https://fragment.com/username/forecast","@forecast","forecast","170,000","19 Nov 2022 at 00:18"
"https://fragment.com/username/investor","@investor","investor","170,000","27 Nov 2022 at 21:16"
"https://fragment.com/username/travels","@travels","travels","170,000","8 Dec 2022 at 00:44"
"https://fragment.com/username/jpmorgan","@jpmorgan","jpmorgan","168,000","25 Nov 2022 at 16:27"
"https://fragment.com/username/prestige","@prestige","prestige","168,000","4 Dec 2022 at 03:38"
"https://fragment.com/username/fans","@fans","fans","167,000","19 Nov 2022 at 23:41"
"https://fragment.com/username/potus","@potus","potus","165,000","6 Dec 2022 at 01:07"
"https://fragment.com/username/balance","@balance","balance","160,000","10 Nov 2022 at 16:49"
"https://fragment.com/username/esport","@esport","esport","160,000","15 Nov 2022 at 01:35"
"https://fragment.com/username/insurance","@insurance","insurance","158,000","18 Nov 2022 at 21:15"
"https://fragment.com/username/neobank","@neobank","neobank","158,000","27 Nov 2022 at 18:46"
"https://fragment.com/username/dapp","@dapp","dapp","157,000","22 Dec 2022 at 05:05"
"https://fragment.com/username/join","@join","join","155,000","12 Dec 2022 at 04:38"
"https://fragment.com/username/land","@land","land","155,000","12 Dec 2022 at 04:41"
"https://fragment.com/username/elite","@elite","elite","154,000","12 Dec 2022 at 04:10"
"https://fragment.com/username/crypto","@crypto","crypto","153,000","18 Feb 2023 at 05:50"
"https://fragment.com/username/events","@events","events","153,000","19 Nov 2022 at 22:37"
"https://fragment.com/username/gold","@gold","gold","151,000","11 Nov 2022 at 23:49"
"https://fragment.com/username/lord","@lord","lord","151,000","27 Nov 2022 at 21:25"
"https://fragment.com/username/cars","@cars","cars","150,000","3 Nov 2022 at 10:33"
"https://fragment.com/username/chart","@chart","chart","150,000","2 Dec 2022 at 04:44"
"https://fragment.com/username/mail","@mail","mail","150,000","19 Nov 2022 at 22:03"
"https://fragment.com/username/plate","@plate","plate","150,000","19 Nov 2022 at 23:21"
"https://fragment.com/username/server","@server","server","150,000","7 Dec 2022 at 23:47"
"https://fragment.com/username/visa","@visa","visa","150,000","22 Dec 2022 at 04:46"
"https://fragment.com/username/sale","@sale","sale","147,000","24 Dec 2022 at 19:48"
"https://fragment.com/username/bars","@bars","bars","145,000","13 Dec 2022 at 06:02"
"https://fragment.com/username/swap","@swap","swap","145,000","17 Dec 2022 at 02:52"
"https://fragment.com/username/msnbc","@msnbc","msnbc","141,000","26 Nov 2022 at 00:36"
"https://fragment.com/username/start","@start","start","140,000","18 Dec 2022 at 23:18"
"https://fragment.com/username/scores","@scores","scores","138,000","12 Dec 2022 at 04:32"
"https://fragment.com/username/aero","@aero","aero","137,000","15 Dec 2022 at 23:24"
"https://fragment.com/username/football","@football","football","137,000","11 Nov 2022 at 16:35"
"https://fragment.com/username/payme","@payme","payme","137,000","22 Nov 2022 at 23:41"
"https://fragment.com/username/union","@union","union","137,000","22 Dec 2022 at 04:47"
"https://fragment.com/username/poker","@poker","poker","136,500","18 Nov 2022 at 02:35"
"https://fragment.com/username/usdc","@usdc","usdc","136,000","6 Dec 2022 at 10:24"
"https://fragment.com/username/checkup","@checkup","checkup","135,000","24 Nov 2022 at 19:14"
"https://fragment.com/username/home","@home","home","135,000","20 Nov 2022 at 12:25"
"https://fragment.com/username/alphabet","@alphabet","alphabet","134,000","20 Nov 2022 at 21:38"
"https://fragment.com/username/listing","@listing","listing","134,000","10 Dec 2022 at 20:14"
"https://fragment.com/username/hack","@hack","hack","133,000","10 Dec 2022 at 04:13"
"https://fragment.com/username/bets","@bets","bets","130,000","18 Nov 2022 at 10:15"
"https://fragment.com/username/gbots","@gbots","gbots","130,000","12 Nov 2022 at 21:25"
"https://fragment.com/username/name","@name","name","130,000","19 Nov 2022 at 23:33"
"https://fragment.com/username/paybox","@paybox","paybox","130,000","6 Dec 2022 at 03:13"
"https://fragment.com/username/putin","@putin","putin","130,000","18 Nov 2022 at 01:30"
"https://fragment.com/username/queen","@queen","queen","128,000","3 Dec 2022 at 23:36"
"https://fragment.com/username/beer","@beer","beer","127,000","19 Nov 2022 at 00:31"
"https://fragment.com/username/date","@date","date","127,000","7 Dec 2022 at 23:48"
"https://fragment.com/username/offer","@offer","offer","127,000","12 Dec 2022 at 04:28"
"https://fragment.com/username/data","@data","data","126,000","19 Nov 2022 at 22:38"
"https://fragment.com/username/food","@food","food","126,000","2 Jan 2023 at 01:39"
"https://fragment.com/username/dice","@dice","dice","125,000","19 Dec 2022 at 07:46"
"https://fragment.com/username/jets","@jets","jets","125,000","19 Nov 2022 at 00:29"
"https://fragment.com/username/property","@property","property","125,000","6 Dec 2022 at 12:07"
"https://fragment.com/username/deal","@deal","deal","122,000","18 Nov 2022 at 14:44"
"https://fragment.com/username/host","@host","host","120,000","7 Dec 2022 at 23:49"
"https://fragment.com/username/armani","@armani","armani","115,000","3 Nov 2022 at 00:50"
"https://fragment.com/username/dior","@dior","dior","115,000","3 Nov 2022 at 00:50"
"https://fragment.com/username/fast","@fast","fast","114,000","15 Dec 2022 at 21:51"
"https://fragment.com/username/middleman","@middleman","middleman","110,250","28 Jul 2023 at 10:33"
"https://fragment.com/username/empire","@empire","empire","110,000","6 Dec 2022 at 18:33"
"https://fragment.com/username/story","@story","story","107,000","26 Dec 2022 at 12:10"
"https://fragment.com/username/trust","@trust","trust","107,000","12 Dec 2022 at 04:30"
"https://fragment.com/username/oracle","@oracle","oracle","106,000","22 Nov 2022 at 22:42"
"https://fragment.com/username/betting","@betting","betting","105,000","10 Nov 2022 at 04:18"
"https://fragment.com/username/token","@token","token","105,000","25 Feb 2024 at 08:03"
"https://fragment.com/username/xxxx","@xxxx","xxxx","105,000","5 Dec 2022 at 18:53"
"https://fragment.com/username/ebank","@ebank","ebank","104,000","10 Nov 2022 at 14:04"
"https://fragment.com/username/live","@live","live","104,000","17 Nov 2022 at 03:41"
"https://fragment.com/username/beta","@beta","beta","103,000","29 Dec 2022 at 09:52"
"https://fragment.com/username/doha","@doha","doha","103,000","19 Nov 2022 at 19:38"
"https://fragment.com/username/busd","@busd","busd","101,000","22 Dec 2022 at 05:00"
"https://fragment.com/username/anime","@anime","anime","100,000","13 Mar 2024 at 12:13"
"https://fragment.com/username/canon","@canon","canon","100,000","4 Nov 2022 at 18:19"
"https://fragment.com/username/club","@club","club","100,000","18 Nov 2022 at 11:57"
"https://fragment.com/username/crew","@crew","crew","100,000","19 Nov 2022 at 04:36"
"https://fragment.com/username/dogecoin","@dogecoin","dogecoin","100,000","4 Nov 2022 at 03:16"
"https://fragment.com/username/elon","@elon","elon","100,000","3 Nov 2022 at 22:02"
"https://fragment.com/username/huobi","@huobi","huobi","100,000","3 Nov 2022 at 11:21"
"https://fragment.com/username/list","@list","list","100,000","12 Dec 2022 at 04:40"
"https://fragment.com/username/porn","@porn","porn","100,000","18 Nov 2022 at 01:58"
"https://fragment.com/username/psychopath","@psychopath","psychopath","100,000","25 Dec 2025 at 07:50"
"https://fragment.com/username/english","@english","english","98,000","5 Nov 2022 at 00:55"
"https://fragment.com/username/gain","@gain","gain","98,000","19 Nov 2022 at 04:36"
"https://fragment.com/username/pc28","@pc28","pc28","97,241","12 Dec 2022 at 02:59"
"https://fragment.com/username/coke","@coke","coke","97,000","17 Dec 2022 at 23:02"
"https://fragment.com/username/earn","@earn","earn","96,000","18 Nov 2022 at 14:45"
"https://fragment.com/username/volvo","@volvo","volvo","96,000","12 Dec 2022 at 01:39"
"https://fragment.com/username/csgo","@csgo","csgo","95,000","3 Dec 2022 at 14:50"
"https://fragment.com/username/lottery","@lottery","lottery","95,000","20 Nov 2022 at 13:54"
"https://fragment.com/username/toyota","@toyota","toyota","94,000","14 Dec 2022 at 02:49"
"https://fragment.com/username/openai","@openai","openai","93,331","27 Feb 2024 at 20:14"
"https://fragment.com/username/asset","@asset","asset","93,000","27 Nov 2022 at 21:48"
"https://fragment.com/username/gate","@gate","gate","93,000","21 Dec 2022 at 00:50"
"https://fragment.com/username/money","@money","money","92,400","23 Sep 2023 at 12:17"
"https://fragment.com/username/bull","@bull","bull","92,000","16 Nov 2022 at 00:33"
"https://fragment.com/username/mall","@mall","mall","92,000","7 Jan 2023 at 14:08"
"https://fragment.com/username/plus","@plus","plus","92,000","28 Dec 2022 at 05:13"
"https://fragment.com/username/point","@point","point","92,000","19 Dec 2022 at 04:27"
"https://fragment.com/username/aura","@aura","aura","91,000","19 Nov 2022 at 23:36"
"https://fragment.com/username/city","@city","city","91,000","16 Nov 2022 at 22:10"
"https://fragment.com/username/livechart","@livechart","livechart","91,000","27 Nov 2022 at 19:08"
"https://fragment.com/username/pandora","@pandora","pandora","91,000","2 Dec 2022 at 21:47"
"https://fragment.com/username/racing","@racing","racing","91,000","5 Jan 2023 at 21:28"
"https://fragment.com/username/chanel","@chanel","chanel","90,000","3 Nov 2022 at 01:38"
"https://fragment.com/username/lion","@lion","lion","90,000","18 Nov 2022 at 02:05"
"https://fragment.com/username/nestle","@nestle","nestle","90,000","23 Nov 2022 at 19:18"
"https://fragment.com/username/today","@today","today","90,000","10 Dec 2022 at 13:31"
"https://fragment.com/username/cafe","@cafe","cafe","89,000","19 Nov 2022 at 20:50"
"https://fragment.com/username/goat","@goat","goat","89,000","10 Dec 2022 at 04:09"
"https://fragment.com/username/life","@life","life","89,000","19 Nov 2022 at 22:10"
"https://fragment.com/username/shib","@shib","shib","89,000","6 Dec 2022 at 03:44"
"https://fragment.com/username/stake","@stake","stake","88,200","6 Dec 2022 at 10:44"
"https://fragment.com/username/fishing","@fishing","fishing","88,000","24 Nov 2022 at 02:15"
"https://fragment.com/username/nasa","@nasa","nasa","88,000","23 Dec 2022 at 14:45"
"https://fragment.com/username/alexa","@alexa","alexa","87,000","12 Nov 2022 at 16:39"
"https://fragment.com/username/mind","@mind","mind","87,000","12 Dec 2022 at 04:39"
"https://fragment.com/username/capital","@capital","capital","86,000","25 Nov 2022 at 19:52"
"https://fragment.com/username/dragon","@dragon","dragon","86,000","13 Nov 2022 at 18:44"
"https://fragment.com/username/studio","@studio","studio","86,000","27 Dec 2022 at 23:34"
"https://fragment.com/username/plane","@plane","plane","85,000","19 Nov 2022 at 21:54"
"https://fragment.com/username/gifts","@gifts","gifts","84,000","25 Nov 2022 at 04:39"
"https://fragment.com/username/gongxu","@gongxu","gongxu","84,000","2 Apr 2023 at 13:29"
"https://fragment.com/username/realestate","@realestate","realestate","84,000","6 Dec 2022 at 12:07"
"https://fragment.com/username/lessons","@lessons","lessons","83,000","19 Nov 2022 at 22:12"
"https://fragment.com/username/proton","@proton","proton","83,000","12 Dec 2022 at 04:29"
"https://fragment.com/username/asia","@asia","asia","82,000","22 Dec 2022 at 07:36"
"https://fragment.com/username/bond","@bond","bond","82,000","19 Nov 2022 at 15:59"
"https://fragment.com/username/chats","@chats","chats","82,000","2 Jan 2023 at 14:54"
"https://fragment.com/username/expo","@expo","expo","82,000","20 Nov 2022 at 00:40"
"https://fragment.com/username/link","@link","link","82,000","18 Dec 2022 at 09:39"
"https://fragment.com/username/tron","@tron","tron","82,000","22 Dec 2022 at 04:57"
"https://fragment.com/username/cast","@cast","cast","81,000","15 Nov 2022 at 16:22"
"https://fragment.com/username/court","@court","court","81,000","4 Jan 2023 at 19:29"
"https://fragment.com/username/dewa","@dewa","dewa","81,000","9 Nov 2022 at 22:39"
"https://fragment.com/username/okex","@okex","okex","81,000","13 Dec 2022 at 04:38"
"https://fragment.com/username/webx","@webx","webx","81,000","28 Dec 2022 at 00:01"
"https://fragment.com/username/credit","@credit","credit","80,850","15 Nov 2022 at 00:55"
"https://fragment.com/username/blackjack","@blackjack","blackjack","80,000","28 Oct 2023 at 13:56"
"https://fragment.com/username/chatgpt","@chatgpt","chatgpt","80,000","10 Mar 2025 at 01:06"
"https://fragment.com/username/danbao","@danbao","danbao","80,000","2 Apr 2023 at 13:28"
"https://fragment.com/username/dance","@dance","dance","80,000","18 Dec 2022 at 19:27"
"https://fragment.com/username/hype","@hype","hype","80,000","10 Nov 2022 at 13:31"
"https://fragment.com/username/maestro","@maestro","maestro","80,000","12 Aug 2023 at 03:18"
"https://fragment.com/username/player","@player","player","80,000","14 Dec 2022 at 02:50"
"https://fragment.com/username/roulette","@roulette","roulette","80,000","28 Oct 2023 at 13:58"
"https://fragment.com/username/nakheel","@nakheel","nakheel","79,000","26 Nov 2022 at 12:15"
"https://fragment.com/username/neom","@neom","neom","79,000","23 Nov 2022 at 12:32"
"https://fragment.com/username/ticket","@ticket","ticket","79,000","27 Dec 2022 at 21:01"
"https://fragment.com/username/tokens","@tokens","tokens","79,000","9 Jan 2023 at 11:23"
"https://fragment.com/username/gems","@gems","gems","78,000","16 Dec 2022 at 02:56"
"https://fragment.com/username/match","@match","match","78,000","3 Dec 2022 at 04:09"
"https://fragment.com/username/pepsi","@pepsi","pepsi","78,000","21 Nov 2022 at 05:19"
"https://fragment.com/username/trace","@trace","trace","78,000","7 Dec 2022 at 19:47"
"https://fragment.com/username/vlog","@vlog","vlog","78,000","7 Jan 2023 at 14:12"
"https://fragment.com/username/sevens","@sevens","sevens","77,777","11 Nov 2024 at 20:28"
"https://fragment.com/username/cctv","@cctv","cctv","77,000","13 Dec 2022 at 01:56"
"https://fragment.com/username/slot","@slot","slot","77,000","5 Jan 2023 at 18:21"
"https://fragment.com/username/brazil","@brazil","brazil","76,000","24 Nov 2022 at 14:18"
"https://fragment.com/username/dell","@dell","dell","76,000","3 Dec 2022 at 17:13"
"https://fragment.com/username/port","@port","port","76,000","18 Nov 2022 at 02:12"
"https://fragment.com/username/black","@black","black","75,000","7 Nov 2022 at 23:29"
"https://fragment.com/username/deposit","@deposit","deposit","75,000","11 Dec 2022 at 00:20"
"https://fragment.com/username/highroller","@highroller","highroller","75,000","27 Nov 2022 at 18:54"
"https://fragment.com/username/score","@score","score","75,000","12 Dec 2022 at 04:32"
"https://fragment.com/username/total","@total","total","75,000","28 Dec 2022 at 15:42"
"https://fragment.com/username/cryptofund","@cryptofund","cryptofund","74,000","27 Nov 2022 at 21:00"
"https://fragment.com/username/grand","@grand","grand","74,000","27 Nov 2022 at 18:37"
"https://fragment.com/username/hell","@hell","hell","74,000","12 Dec 2022 at 04:37"
"https://fragment.com/username/ebay","@ebay","ebay","73,000","6 Dec 2022 at 04:23"
"https://fragment.com/username/local","@local","local","73,000","19 Nov 2022 at 16:49"
"https://fragment.com/username/pride","@pride","pride","73,000","24 Nov 2022 at 14:15"
"https://fragment.com/username/bitc","@bitc","bitc","72,331","27 Feb 2024 at 09:45"
"https://fragment.com/username/dubai","@dubai","dubai","72,106","24 Nov 2022 at 19:15"
"https://fragment.com/username/xbox","@xbox","xbox","72,000","27 Dec 2022 at 22:38"
"https://fragment.com/username/pass","@pass","pass","71,000","20 Nov 2022 at 12:57"
"https://fragment.com/username/agent","@agent","agent","70,000","27 Nov 2022 at 04:35"
"https://fragment.com/username/airport","@airport","airport","70,000","19 Nov 2022 at 00:32"
"https://fragment.com/username/banki","@banki","banki","70,000","3 Nov 2022 at 01:10"
"https://fragment.com/username/core","@core","core","70,000","4 Nov 2022 at 20:08"
"https://fragment.com/username/erotic","@erotic","erotic","70,000","1 Dec 2022 at 09:39"
"https://fragment.com/username/europa","@europa","europa","70,000","23 Nov 2022 at 19:19"
"https://fragment.com/username/gitlab","@gitlab","gitlab","70,000","15 Dec 2022 at 23:02"
"https://fragment.com/username/smart","@smart","smart","70,000","12 Dec 2022 at 04:31"
"https://fragment.com/username/gift","@gift","gift","69,000","19 Nov 2022 at 00:50"
"https://fragment.com/username/iqos","@iqos","iqos","69,000","19 Dec 2022 at 14:43"
"https://fragment.com/username/move","@move","move","69,000","12 Dec 2022 at 04:39"
"https://fragment.com/username/playboy","@playboy","playboy","69,000","4 Dec 2022 at 03:32"
"https://fragment.com/username/code","@code","code","68,000","20 Nov 2022 at 12:55"
"https://fragment.com/username/digit","@digit","digit","68,000","24 Nov 2022 at 14:13"
"https://fragment.com/username/florida","@florida","florida","68,000","12 Nov 2022 at 00:15"
"https://fragment.com/username/flydubai","@flydubai","flydubai","68,000","14 Nov 2022 at 05:24"
"https://fragment.com/username/iran","@iran","iran","68,000","19 Nov 2022 at 19:38"
"https://fragment.com/username/knife","@knife","knife","68,000","2 Jan 2023 at 18:31"
"https://fragment.com/username/aqua","@aqua","aqua","67,000","2 Dec 2022 at 03:52"
"https://fragment.com/username/dota","@dota","dota","67,000","24 Nov 2022 at 14:12"
"https://fragment.com/username/feedback","@feedback","feedback","67,000","23 Nov 2022 at 17:50"
"https://fragment.com/username/file","@file","file","67,000","29 Dec 2022 at 09:58"
"https://fragment.com/username/house","@house","house","67,000","20 Nov 2022 at 20:28"
"https://fragment.com/username/lady","@lady","lady","67,000","12 Dec 2022 at 04:41"
"https://fragment.com/username/mega","@mega","mega","67,000","19 Nov 2022 at 16:44"
"https://fragment.com/username/nude","@nude","nude","67,000","24 Nov 2022 at 02:10"
"https://fragment.com/username/watch","@watch","watch","67,000","13 Dec 2022 at 12:13"
"https://fragment.com/username/domains","@domains","domains","66,000","22 Nov 2022 at 17:16"
"https://fragment.com/username/pets","@pets","pets","66,000","19 Nov 2022 at 00:55"
"https://fragment.com/username/tinder","@tinder","tinder","65,100","24 Feb 2024 at 19:54"
"https://fragment.com/username/idea","@idea","idea","65,000","12 Dec 2022 at 04:42"
"https://fragment.com/username/kiev","@kiev","kiev","65,000","8 Dec 2022 at 13:23"
"https://fragment.com/username/moon","@moon","moon","65,000","19 Nov 2022 at 16:28"
"https://fragment.com/username/ball","@ball","ball","64,000","12 Dec 2022 at 22:11"
"https://fragment.com/username/book","@book","book","64,000","19 Nov 2022 at 22:11"
"https://fragment.com/username/create","@create","create","64,000","14 Dec 2022 at 07:27"
"https://fragment.com/username/good","@good","good","63,000","27 Nov 2022 at 05:59"
"https://fragment.com/username/kiss","@kiss","kiss","63,000","17 Dec 2022 at 11:15"
"https://fragment.com/username/plain","@plain","plain","63,000","20 Nov 2022 at 16:35"
"https://fragment.com/username/best","@best","best","61,000","10 Nov 2022 at 22:13"
"https://fragment.com/username/audi","@audi","audi","60,000","4 Nov 2022 at 09:57"
"https://fragment.com/username/dzen","@dzen","dzen","60,000","7 Dec 2022 at 01:39"
"https://fragment.com/username/facebook","@facebook","facebook","60,000","4 Nov 2022 at 04:32"
"https://fragment.com/username/island","@island","island","60,000","17 Dec 2022 at 11:20"
"https://fragment.com/username/sony","@sony","sony","60,000","7 Dec 2022 at 23:59"
"https://fragment.com/username/stockbot","@stockbot","stockbot","60,000","28 Feb 2024 at 18:22"
"https://fragment.com/username/tech","@tech","tech","60,000","19 Feb 2024 at 09:27"
"https://fragment.com/username/slots","@slots","slots","59,000","6 Dec 2022 at 21:14"
"https://fragment.com/username/military","@military","military","58,000","11 Dec 2022 at 01:08"
"https://fragment.com/username/qiwi","@qiwi","qiwi","57,882","24 Nov 2022 at 23:06"
"https://fragment.com/username/fitness","@fitness","fitness","57,000","24 Dec 2022 at 00:47"
"https://fragment.com/username/trinity","@trinity","trinity","57,000","6 Dec 2022 at 18:49"
"https://fragment.com/username/hash","@hash","hash","56,000","13 Dec 2022 at 03:46"
"https://fragment.com/username/unreal","@unreal","unreal","56,000","9 Dec 2022 at 03:34"
"https://fragment.com/username/fish","@fish","fish","55,000","19 Nov 2022 at 00:54"
"https://fragment.com/username/girl","@girl","girl","55,000","15 Nov 2022 at 17:15"
"https://fragment.com/username/lonely","@lonely","lonely","55,000","2 Oct 2025 at 02:57"
"https://fragment.com/username/sports","@sports","sports","55,000","6 Dec 2022 at 10:22"
"https://fragment.com/username/teen","@teen","teen","54,600","6 Dec 2022 at 10:45"
"https://fragment.com/username/ford","@ford","ford","54,000","11 Nov 2022 at 19:53"
"https://fragment.com/username/goal","@goal","goal","54,000","21 Nov 2022 at 21:13"
"https://fragment.com/username/vehicle","@vehicle","vehicle","54,000","14 Dec 2022 at 13:30"
"https://fragment.com/username/exmo","@exmo","exmo","53,550","3 Dec 2022 at 17:59"
"https://fragment.com/username/asap","@asap","asap","53,000","16 Dec 2022 at 03:00"
"https://fragment.com/username/discount","@discount","discount","53,000","19 Nov 2022 at 00:52"
"https://fragment.com/username/hope","@hope","hope","53,000","12 Dec 2022 at 04:37"
"https://fragment.com/username/marketplace","@marketplace","marketplace","53,000","28 Nov 2022 at 06:04"
"https://fragment.com/username/easypay","@easypay","easypay","52,500","4 Nov 2022 at 04:46"
"https://fragment.com/username/trading","@trading","trading","52,500","11 Mar 2024 at 07:32"
"https://fragment.com/username/arsenal","@arsenal","arsenal","52,000","11 Nov 2022 at 16:39"
"https://fragment.com/username/abudhabi","@abudhabi","abudhabi","51,450","19 Nov 2022 at 19:32"
"https://fragment.com/username/euro","@euro","euro","51,000","21 Nov 2022 at 22:49"
"https://fragment.com/username/nissan","@nissan","nissan","51,000","3 Dec 2022 at 04:07"
"https://fragment.com/username/pasta","@pasta","pasta","51,000","19 Nov 2022 at 00:54"
"https://fragment.com/username/price","@price","price","51,000","28 Nov 2022 at 03:32"
"https://fragment.com/username/betmobile","@betmobile","betmobile","50,000","25 Nov 2022 at 06:31"
"https://fragment.com/username/igor","@igor","igor","50,000","22 Nov 2022 at 18:09"
"https://fragment.com/username/kamaz","@kamaz","kamaz","50,000","29 Nov 2022 at 23:01"
"https://fragment.com/username/poison","@poison","poison","50,000","12 Dec 2022 at 04:27"
"https://fragment.com/username/time","@time","time","50,000","13 Dec 2022 at 18:35"
"https://fragment.com/username/yyyyy","@yyyyy","yyyyy","50,000","16 Jan 2026 at 17:41"
"https://fragment.com/username/india","@india","india","49,645","13 Mar 2025 at 20:58"
"https://fragment.com/username/atlas","@atlas","atlas","49,000","22 Nov 2022 at 23:16"
"https://fragment.com/username/bridge","@bridge","bridge","49,000","1 Jan 2023 at 11:24"
"https://fragment.com/username/fire","@fire","fire","49,000","19 Nov 2022 at 16:26"
"https://fragment.com/username/golf","@golf","golf","49,000","19 Nov 2022 at 04:37"
"https://fragment.com/username/linkedin","@linkedin","linkedin","49,000","22 Nov 2022 at 06:38"
"https://fragment.com/username/mexico","@mexico","mexico","49,000","24 Nov 2022 at 01:54"
"https://fragment.com/username/opera","@opera","opera","49,000","20 Nov 2022 at 13:09"
"https://fragment.com/username/soul","@soul","soul","49,000","12 Jan 2023 at 00:33"
"https://fragment.com/username/world","@world","world","49,000","10 Dec 2022 at 12:44"
"https://fragment.com/username/wizard","@wizard","wizard","48,300","10 Dec 2022 at 04:20"
"https://fragment.com/username/calendar","@calendar","calendar","48,000","24 Nov 2022 at 08:04"
"https://fragment.com/username/decor","@decor","decor","48,000","20 Nov 2022 at 19:32"
"https://fragment.com/username/gett","@gett","gett","48,000","27 Nov 2022 at 18:54"
"https://fragment.com/username/mars","@mars","mars","48,000","2 Dec 2022 at 02:24"
"https://fragment.com/username/nickname","@nickname","nickname","48,000","19 Nov 2022 at 23:34"
"https://fragment.com/username/oman","@oman","oman","48,000","24 Nov 2022 at 14:02"
"https://fragment.com/username/seven","@seven","seven","48,000","16 Dec 2022 at 23:36"
"https://fragment.com/username/tourist","@tourist","tourist","48,000","2 Jan 2023 at 10:27"
"https://fragment.com/username/xbet","@xbet","xbet","48,000","7 Jan 2023 at 18:59"
"https://fragment.com/username/zero","@zero","zero","48,000","27 Dec 2022 at 07:48"
"https://fragment.com/username/dawn","@dawn","dawn","47,000","22 Nov 2022 at 22:54"
"https://fragment.com/username/logo","@logo","logo","47,000","26 Dec 2022 at 18:55"
"https://fragment.com/username/order","@order","order","47,000","19 Nov 2022 at 22:08"
"https://fragment.com/username/wifi","@wifi","wifi","47,000","7 Jan 2023 at 14:11"
"https://fragment.com/username/gamble","@gamble","gamble","46,544","21 Nov 2022 at 22:26"
"https://fragment.com/username/school","@school","school","46,200","6 Dec 2022 at 18:51"
"https://fragment.com/username/gulf","@gulf","gulf","46,000","24 Nov 2022 at 14:02"
"https://fragment.com/username/drop","@drop","drop","45,000","18 Nov 2022 at 14:46"
"https://fragment.com/username/frank","@frank","frank","45,000","26 Nov 2022 at 00:44"
"https://fragment.com/username/liberty","@liberty","liberty","45,000","19 Nov 2022 at 23:18"
"https://fragment.com/username/nigga","@nigga","nigga","45,000","12 Jul 2025 at 21:34"
"https://fragment.com/username/insta","@insta","insta","44,500","13 Mar 2024 at 12:16"
"https://fragment.com/username/chess","@chess","chess","44,444","10 Jun 2025 at 18:58"
"https://fragment.com/username/genius","@genius","genius","44,444","19 Dec 2022 at 21:29"
"https://fragment.com/username/message","@message","message","44,444","19 Dec 2022 at 21:29"
"https://fragment.com/username/hsbc","@hsbc","hsbc","44,000","20 Nov 2022 at 19:40"
"https://fragment.com/username/kids","@kids","kids","44,000","19 Nov 2022 at 23:59"
"https://fragment.com/username/memecoin","@memecoin","memecoin","42,069","31 Oct 2023 at 01:00"
"https://fragment.com/username/beach","@beach","beach","42,000","10 Nov 2022 at 20:20"
"https://fragment.com/username/camp","@camp","camp","42,000","19 Nov 2022 at 04:35"
"https://fragment.com/username/weird","@weird","weird","42,000","2 Oct 2025 at 02:25"
"https://fragment.com/username/ahmed","@ahmed","ahmed","41,948","13 Nov 2022 at 03:33"
"https://fragment.com/username/base","@base","base","40,000","11 Nov 2022 at 10:58"
"https://fragment.com/username/boss","@boss","boss","40,000","3 Nov 2022 at 15:05"
"https://fragment.com/username/buybot","@buybot","buybot","40,000","24 Jan 2024 at 21:18"
"https://fragment.com/username/care","@care","care","40,000","18 Nov 2022 at 14:44"
"https://fragment.com/username/ether","@ether","ether","40,000","23 Feb 2024 at 17:24"
"https://fragment.com/username/fabrika","@fabrika","fabrika","40,000","25 Sep 2023 at 02:44"
"https://fragment.com/username/jackpot","@jackpot","jackpot","40,000","26 Dec 2023 at 13:27"
"https://fragment.com/username/moscow","@moscow","moscow","40,000","10 Oct 2024 at 12:39"
"https://fragment.com/username/sales","@sales","sales","40,000","17 Nov 2022 at 02:55"
"https://fragment.com/username/sleep","@sleep","sleep","40,000","7 Jan 2023 at 08:43"
"https://fragment.com/username/hugo","@hugo","hugo","39,000","3 Dec 2022 at 17:11"
"https://fragment.com/username/arena","@arena","arena","38,000","20 Nov 2022 at 22:23"
"https://fragment.com/username/cryptodev","@cryptodev","cryptodev","38,000","11 Nov 2022 at 07:42"
"https://fragment.com/username/portugal","@portugal","portugal","38,000","22 Nov 2022 at 06:34"
"https://fragment.com/username/sell","@sell","sell","38,000","16 Jan 2024 at 12:40"
"https://fragment.com/username/coinbase","@coinbase","coinbase","37,500","7 Dec 2022 at 19:48"
"https://fragment.com/username/brandon","@brandon","brandon","37,357","13 Nov 2022 at 03:33"
"https://fragment.com/username/cryptocard","@cryptocard","cryptocard","37,000","22 Dec 2025 at 01:38"
"https://fragment.com/username/diana","@diana","diana","37,000","27 Nov 2022 at 05:04"
"https://fragment.com/username/faith","@faith","faith","37,000","24 Feb 2023 at 19:21"
"https://fragment.com/username/sydb","@sydb","sydb","36,466","27 Jun 2023 at 01:00"
"https://fragment.com/username/doom","@doom","doom","36,000","9 Oct 2025 at 23:15"
"https://fragment.com/username/drug","@drug","drug","36,000","2 Oct 2025 at 00:49"
"https://fragment.com/username/dude","@dude","dude","36,000","20 Nov 2022 at 13:44"
"https://fragment.com/username/pure","@pure","pure","36,000","9 Oct 2025 at 23:13"
"https://fragment.com/username/woman","@woman","woman","36,000","13 Dec 2022 at 01:49"
"https://fragment.com/username/pepe","@pepe","pepe","35,887","8 May 2023 at 05:24"
"https://fragment.com/username/adam","@adam","adam","35,000","23 Nov 2022 at 01:26"
"https://fragment.com/username/army","@army","army","35,000","5 Nov 2022 at 19:30"
"https://fragment.com/username/russia24","@russia24","russia24","35,000","18 Nov 2022 at 02:44"
"https://fragment.com/username/nfts","@nfts","nfts","34,729","21 Nov 2022 at 00:18"
"https://fragment.com/username/forbes","@forbes","forbes","34,000","5 Nov 2022 at 16:13"
"https://fragment.com/username/mango","@mango","mango","34,000","19 Nov 2022 at 19:31"
"https://fragment.com/username/exchange","@exchange","exchange","33,075","15 Dec 2022 at 21:29"
"https://fragment.com/username/fuck","@fuck","fuck","33,075","14 Nov 2022 at 02:34"
"https://fragment.com/username/apple","@apple","apple","33,000","17 Nov 2022 at 00:41"
"https://fragment.com/username/anthony","@anthony","anthony","32,955","13 Nov 2022 at 04:14"
"https://fragment.com/username/blood","@blood","blood","32,000","20 Nov 2022 at 20:12"
"https://fragment.com/username/viral","@viral","viral","32,000","26 Sep 2023 at 10:07"
"https://fragment.com/username/baidu","@baidu","baidu","31,500","3 Dec 2022 at 11:59"
"https://fragment.com/username/currency","@currency","currency","31,500","23 Feb 2024 at 17:25"
"https://fragment.com/username/ethe","@ethe","ethe","31,500","27 Feb 2024 at 13:38"
"https://fragment.com/username/lava","@lava","lava","31,500","1 Dec 2022 at 23:37"
"https://fragment.com/username/tickets","@tickets","tickets","31,500","17 Nov 2022 at 03:40"
"https://fragment.com/username/videos","@videos","videos","31,500","16 Dec 2022 at 01:54"
"https://fragment.com/username/wealth","@wealth","wealth","31,500","3 Mar 2024 at 13:19"
"https://fragment.com/username/metaverse","@metaverse","metaverse","31,300","12 Apr 2023 at 15:06"
"https://fragment.com/username/shitcoin","@shitcoin","shitcoin","31,300","19 Aug 2024 at 03:26"
"https://fragment.com/username/multi","@multi","multi","31,000","19 Nov 2022 at 00:14"
"https://fragment.com/username/system","@system","system","30,335","18 Feb 2024 at 22:54"
"https://fragment.com/username/finance","@finance","finance","30,000","23 Sep 2023 at 12:14"
"https://fragment.com/username/fonbet","@fonbet","fonbet","30,000","3 Nov 2022 at 21:40"
"https://fragment.com/username/ozon","@ozon","ozon","30,000","19 Nov 2022 at 02:09"
"https://fragment.com/username/zcash","@zcash","zcash","30,000","18 Jan 2026 at 20:00"
"https://fragment.com/username/nigger","@nigger","nigger","29,768","10 Oct 2023 at 22:22"
"https://fragment.com/username/anonymous","@anonymous","anonymous","29,708","11 Nov 2022 at 04:49"
"https://fragment.com/username/fjdy","@fjdy","fjdy","29,295","29 Dec 2025 at 03:22"
"https://fragment.com/username/family","@family","family","29,000","16 Nov 2022 at 21:20"
"https://fragment.com/username/top1","@top1","top1","29,000","26 Dec 2022 at 18:40"
"https://fragment.com/username/baobei","@baobei","baobei","28,942","20 Jan 2026 at 07:56"
"https://fragment.com/username/nicolas","@nicolas","nicolas","28,200","6 Dec 2022 at 05:15"
"https://fragment.com/username/mari","@mari","mari","28,024","8 Jul 2024 at 10:56"
"https://fragment.com/username/free","@free","free","28,000","12 Dec 2022 at 22:42"
"https://fragment.com/username/gambling","@gambling","gambling","27,000","13 Dec 2024 at 19:30"
"https://fragment.com/username/john","@john","john","27,000","5 Sep 2025 at 03:59"
"https://fragment.com/username/superb","@superb","superb","27,000","7 Jan 2023 at 03:13"
"https://fragment.com/username/ffff","@ffff","ffff","26,742","24 Nov 2022 at 21:58"
"https://fragment.com/username/damac","@damac","damac","26,250","3 Nov 2022 at 04:29"
"https://fragment.com/username/delivery","@delivery","delivery","26,250","3 Nov 2022 at 03:32"
"https://fragment.com/username/emaar","@emaar","emaar","26,250","3 Nov 2022 at 03:42"
"https://fragment.com/username/find","@find","find","26,250","21 Sep 2023 at 10:38"
"https://fragment.com/username/mary","@mary","mary","26,250","26 Nov 2022 at 22:44"
"https://fragment.com/username/mash","@mash","mash","26,250","25 Nov 2022 at 01:36"
"https://fragment.com/username/dream","@dream","dream","26,000","30 Apr 2024 at 19:31"
"https://fragment.com/username/quit","@quit","quit","26,000","23 Sep 2025 at 07:53"
"https://fragment.com/username/betwinner","@betwinner","betwinner","25,424","3 Nov 2022 at 15:23"
"https://fragment.com/username/some","@some","some","25,309","8 Feb 2024 at 18:45"
"https://fragment.com/username/bollywood","@bollywood","bollywood","25,000","20 Dec 2022 at 22:53"
"https://fragment.com/username/hero","@hero","hero","25,000","9 Mar 2024 at 18:06"
"https://fragment.com/username/ilya","@ilya","ilya","25,000","22 Nov 2022 at 06:58"
"https://fragment.com/username/internet","@internet","internet","25,000","17 Feb 2024 at 18:13"
"https://fragment.com/username/meduza","@meduza","meduza","25,000","22 Nov 2022 at 18:47"
"https://fragment.com/username/qrcode","@qrcode","qrcode","25,000","23 Nov 2025 at 09:48"
"https://fragment.com/username/sweet","@sweet","sweet","25,000","25 Feb 2023 at 17:35"
"https://fragment.com/username/technology","@technology","technology","25,000","17 Feb 2024 at 08:34"
"https://fragment.com/username/venture","@venture","venture","25,000","2 Mar 2024 at 07:56"
"https://fragment.com/username/yahoo","@yahoo","yahoo","25,000","13 Feb 2024 at 21:14"
"https://fragment.com/username/grok","@grok","grok","24,890","18 Nov 2023 at 17:18"
"https://fragment.com/username/kill","@kill","kill","24,149","6 Oct 2024 at 00:42"
"https://fragment.com/username/clown","@clown","clown","24,000","14 Jan 2025 at 22:33"
"https://fragment.com/username/wallstreet","@wallstreet","wallstreet","23,725","29 Nov 2022 at 21:50"
"https://fragment.com/username/jake","@jake","jake","23,334","26 Jan 2026 at 10:06"
"https://fragment.com/username/usat","@usat","usat","23,153","20 Sep 2025 at 09:22"
"https://fragment.com/username/legoland","@legoland","legoland","23,000","20 Nov 2022 at 16:44"
"https://fragment.com/username/dark","@dark","dark","22,950","13 Nov 2024 at 13:50"
"https://fragment.com/username/samsung","@samsung","samsung","22,553","7 Dec 2022 at 18:18"
"https://fragment.com/username/course","@course","course","22,517","9 Mar 2024 at 16:52"
"https://fragment.com/username/escort","@escort","escort","22,050","19 Nov 2022 at 12:56"
"https://fragment.com/username/pain","@pain","pain","22,000","28 Apr 2025 at 04:19"
"https://fragment.com/username/insane","@insane","insane","21,996","9 Feb 2024 at 12:39"
"https://fragment.com/username/startup","@startup","startup","21,111","14 Dec 2024 at 12:57"
"https://fragment.com/username/alex","@alex","alex","21,110","7 Nov 2022 at 08:53"
"https://fragment.com/username/beauty","@beauty","beauty","21,000","4 Nov 2022 at 23:20"
"https://fragment.com/username/ecommerce","@ecommerce","ecommerce","21,000","16 Feb 2024 at 19:01"
"https://fragment.com/username/hodl","@hodl","hodl","21,000","9 Nov 2022 at 18:41"
"https://fragment.com/username/taobao","@taobao","taobao","21,000","27 Jan 2026 at 12:30"
"https://fragment.com/username/whale","@whale","whale","21,000","17 Nov 2022 at 00:57"
"https://fragment.com/username/bet365","@bet365","bet365","20,798","22 Mar 2023 at 19:01"
"https://fragment.com/username/andrewtate","@andrewtate","andrewtate","20,500","15 May 2024 at 13:33"
"https://fragment.com/username/cryptos","@cryptos","cryptos","20,500","4 Oct 2023 at 21:14"
"https://fragment.com/username/saint","@saint","saint","20,500","28 Mar 2024 at 22:44"
"https://fragment.com/username/arab","@arab","arab","20,000","4 Nov 2022 at 09:49"
"https://fragment.com/username/astonmartin","@astonmartin","astonmartin","20,000","4 Nov 2022 at 11:41"
"https://fragment.com/username/bentley","@bentley","bentley","20,000","4 Nov 2022 at 11:40"
"https://fragment.com/username/bookie","@bookie","bookie","20,000","28 Oct 2023 at 13:57"
"https://fragment.com/username/giftcard","@giftcard","giftcard","20,000","23 Jun 2025 at 18:24"
"https://fragment.com/username/huawei","@huawei","huawei","20,000","4 Nov 2022 at 11:40"
"https://fragment.com/username/incel","@incel","incel","20,000","23 Oct 2025 at 10:37"
"https://fragment.com/username/juli","@juli","juli","20,000","1 Aug 2025 at 18:08"
"https://fragment.com/username/kate","@kate","kate","20,000","22 Nov 2022 at 18:17"
"https://fragment.com/username/lazy","@lazy","lazy","20,000","29 Sep 2025 at 15:57"
"https://fragment.com/username/mike","@mike","mike","20,000","29 Nov 2022 at 07:48"
"https://fragment.com/username/qplus","@qplus","qplus","20,000","25 Dec 2025 at 07:27"
"https://fragment.com/username/rove","@rove","rove","20,000","25 Sep 2023 at 04:01"
"https://fragment.com/username/shuffle","@shuffle","shuffle","20,000","24 Jan 2025 at 03:55"
"https://fragment.com/username/taxi","@taxi","taxi","20,000","23 Nov 2023 at 00:15"
"https://fragment.com/username/tbank","@tbank","tbank","20,000","27 Apr 2024 at 16:59"
"https://fragment.com/username/trap","@trap","trap","20,000","2 Jan 2026 at 06:47"
"https://fragment.com/username/writer","@writer","writer","20,000","27 Nov 2022 at 12:37"
"https://fragment.com/username/tttt","@tttt","tttt","19,845","6 Dec 2022 at 01:26"
"https://fragment.com/username/esim","@esim","esim","19,449","5 Nov 2022 at 19:33"
"https://fragment.com/username/anya","@anya","anya","19,146","23 Nov 2022 at 19:47"
"https://fragment.com/username/payments","@payments","payments","19,146","26 Nov 2022 at 04:28"
"https://fragment.com/username/bybit","@bybit","bybit","19,000","16 Feb 2024 at 15:37"
"https://fragment.com/username/cocacola","@cocacola","cocacola","19,000","4 Nov 2022 at 02:55"
"https://fragment.com/username/upset","@upset","upset","19,000","2 Oct 2025 at 02:33"
"https://fragment.com/username/design","@design","design","18,984","18 Nov 2022 at 02:32"
"https://fragment.com/username/mexc","@mexc","mexc","18,743","24 Nov 2025 at 19:12"
"https://fragment.com/username/nigeria","@nigeria","nigeria","18,522","24 Nov 2022 at 17:26"
"https://fragment.com/username/billionare","@billionare","billionare","18,322","14 Nov 2022 at 02:58"
"https://fragment.com/username/funds","@funds","funds","18,234","19 Nov 2022 at 01:48"
"https://fragment.com/username/sigh","@sigh","sigh","18,181","23 Sep 2025 at 08:05"
"https://fragment.com/username/bape","@bape","bape","18,106","22 Nov 2025 at 21:26"
"https://fragment.com/username/xinbi","@xinbi","xinbi","18,000","5 Dec 2022 at 23:20"
"https://fragment.com/username/pharmacy","@pharmacy","pharmacy","17,924","20 Nov 2022 at 00:19"
"https://fragment.com/username/abcd","@abcd","abcd","17,733","24 Nov 2022 at 23:21"
"https://fragment.com/username/investments","@investments","investments","17,500","29 Feb 2024 at 20:17"
"https://fragment.com/username/rimac","@rimac","rimac","17,500","24 Jul 2023 at 01:20"
"https://fragment.com/username/super","@super","super","17,400","30 Sep 2024 at 19:19"
"https://fragment.com/username/bitget","@bitget","bitget","17,365","24 Nov 2025 at 19:13"
"https://fragment.com/username/lucky","@lucky","lucky","17,250","25 Mar 2024 at 06:25"
"https://fragment.com/username/footballs","@footballs","footballs","17,108","3 Dec 2022 at 18:10"